category,tool_name,url
Academic Research Tools,A-Z Library Databases,https://guides.uflib.ufl.edu/az.php
Academic Research Tools,Academia,https://www.academia.edu/
Academic Research Tools,Academic Journals,https://academicjournals.org/
Academic Research Tools,African Journals Online,https://www.ajol.info/
Academic Research Tools,Altmetric,https://www.altmetric.com/
Academic Research Tools,American Society of Civil Engineers,https://ascelibrary.org/
Academic Research Tools,Amigo,http://amigo.geneontology.org/amigo
Academic Research Tools,AMiner,https://www.aminer.org/
Academic Research Tools,Archive Grid,https://researchworks.oclc.org/archivegrid/
Academic Research Tools,Archives Portal Europe,https://www.archivesportaleurope.net/
Academic Research Tools,arXiv,https://arxiv.org/
Academic Research Tools,Authorea,https://www.authorea.com/
Academic Research Tools,Base,https://www.base-search.net/
Academic Research Tools,BioOne,https://bioone.org/
Academic Research Tools,bioRxiv,https://www.biorxiv.org/
Academic Research Tools,Bitpipe,https://www.bitpipe.com/
Academic Research Tools,Cambridge Core,https://www.cambridge.org/core
Academic Research Tools,Cite Seer X,https://citeseer.ist.psu.edu/
Academic Research Tools,Cochrane Library,https://www.cochranelibrary.com/
Academic Research Tools,Connected Papers,https://www.connectedpapers.com/
Add On Security,Extension Source Viewer,https://chrome.google.com/webstore/detail/chrome-extension-source-v/jifpbeccnghkjeaalbbjmodiffmgedin
Android Emulators,AMIDuOS,https://android-emulators.com/amiduos
Android Emulators,Android-x86 VM Images for VirtualBox and VMware,https://www.linuxvmimages.com/images/android-x86
Android Emulators,Andyroid,https://www.andyroid.net/
Android Emulators,BlueStacks,https://www.bluestacks.com/
Android Emulators,GenyMotion,https://www.genymotion.com/
Android Emulators,Memuplay,https://www.memuplay.com/
Android Emulators,NoxPlayer,https://www.bignox.com/
Android Emulators,Primeos,https://www.primeos.in/
Android Emulators,QEMU,https://www.qemu.org/
Android Emulators,Stock Android,https://www.osboxes.org/android-x86/
Anti Malware,Malwarebytes,https://www.malwarebytes.com/
Anti Malware,Spybot,https://www.safer-networking.org/
Anti Malware,SUPERAntiSpyware,https://www.superantispyware.com/
Books And Reading,Amazon Free Popular Classics,http://www.amazon.com/b?tag=mak041-20&linkCode=as2&ie=UTF8&node=2245146011
Books And Reading,Apple Books,https://www.apple.com/apple-books/
Books And Reading,Audible,https://www.audible.com/
Books And Reading,Blinkist,https://www.blinkist.com/
Books And Reading,BookBub,https://www.bookbub.com/
Books And Reading,Bookmate,https://bookmate.com/
Books And Reading,Books on the Knob,http://blog.booksontheknob.org/
Books And Reading,booksloth,https://www.booksloth.com/
Books And Reading,Bookstr,https://bookstr.com/
Books And Reading,Bookworm,https://babluboy.github.io/bookworm/
Books And Reading,Calibre,https://calibre-ebook.com/
Books And Reading,East view: Books and e-Books,https://www.eastview.com/resources/books-and-e-books/
Books And Reading,Ebooks Searcher,https://ebook-searcher.com/
Books And Reading,Europeana,https://www.europeana.eu/
Books And Reading,FBReader,https://fbreader.org/
Books And Reading,Free eBooks,https://www.free-ebooks.net/
Books And Reading,Free Kindle Books,http://freekindlebooks.org/
Books And Reading,Gnooks,https://www.gnooks.com/
Books And Reading,Goodreads,https://www.goodreads.com/
Books And Reading,Google Books,https://books.google.com/
Browser Tests,Am I Unique?,https://amiunique.org/
Browser Tests,Browser Capabilities Project: User Agent Lookup,http://browscap.org/ua-lookup
Browser Tests,BrowserAudit,https://browseraudit.com/
Browser Tests,Browserleaks,https://browserleaks.com/
Browser Tests,CentralOps.net,https://centralops.net/
Browser Tests,Cover Your Tracks EFF,https://coveryourtracks.eff.org/
Browser Tests,Detect My Browser,https://detectmybrowser.com/
Browser Tests,Device Info,https://www.deviceinfo.me/
Browser Tests,Doileak,https://www.doileak.com/
Browser Tests,IP Quality Score,https://www.ipqualityscore.com/
Browser Tests,IPFingerprints,https://www.ipfingerprints.com/
Browser Tests,IPLeak,https://ipleak.net/
Browser Tests,My IP,https://myip.ms/
Browser Tests,Netperf Tools,https://netperf.tools/
Browser Tests,Privacy.net: Privacy Analyzer,https://privacy.net/analyzer
Browser Tests,Qualys Browser Check,https://browsercheck.qualys.com/
Browser Tests,Social Media Leak,https://robinlinus.github.io/socialmedia-leak/
Browser Tests,Sploit.io,https://sploit.io/
Browser Tests,User Agent String,https://useragentstring.com/
Browser Tests,Web Okay,https://webkay.robinlinus.com/
Browsing History,Better History,https://chromewebstore.google.com/detail/better-history/egehpkpgpgooebopjihjmnpejnjafefi
Browsing History,Chrome History View,https://www.nirsoft.net/utils/chrome_history_view.html
Browsing History,Firefox Better History,https://addons.mozilla.org/en-US/firefox/addon/firefox-better-history/
Browsing History,History Plus,https://chromewebstore.google.com/detail/history-plus/kloodnjmhgicecceindgbfpjencnhajh
Browsing History,Improved History,https://addons.mozilla.org/en-US/firefox/addon/improved-history/
Company Profiling,192.com (UK),https://www.192.com/
Company Profiling,Aeroleads,https://aeroleads.com/
Company Profiling,AIHIT,https://www.aihitdata.com/
Company Profiling,Allabolag - Sweden Company Search,https://www.allabolag.se/
Company Profiling,AllStocksLinks,http://www.allstocks.com/links/
Company Profiling,AlphaResearch,https://alpharesearch.io/
Company Profiling,Angel,https://angel.co/
Company Profiling,AngelList,https://www.angellist.com/
Company Profiling,Annual Reports,https://www.annualreports.com/
Company Profiling,Aware Online: Company Search,https://www.aware-online.com/en/osint-tools/company-search-tool
Company Profiling,BBB,https://www.bbb.org/
Company Profiling,Big Red Directory,https://www.bigreddirectory.com/
Company Profiling,bikudo,https://www.bikudo.com/
Company Profiling,BizDirLib,https://bizdirlib.com/
Company Profiling,Bizeurope,http://www.bizeurope.com/
Company Profiling,Black Book Online: Free Business Profiler,https://www.blackbookonline.info/business-profiler.aspx
Company Profiling,Bloomberg,https://www.bloomberg.com/research/company/overview/overview.asp
Company Profiling,BrokerCheck (US),https://brokercheck.finra.org/
Company Profiling,BrownBook,https://www.brownbook.net/
Company Profiling,Business Profiles,https://businessprofiles.com/
Cryptocurrency Research,_IntelligenceX: Bitcoin,https://intelx.io/tools?tab=bitcoin
Cryptocurrency Research,99Bitcoins,https://99bitcoins.com/
Cryptocurrency Research,Arkham Intelligence,https://intel.arkm.com/
Cryptocurrency Research,Aware Online: Cryptocurrency Search Tool,https://www.aware-online.com/osint-tools/cryptocurrency-search-tool/
Cryptocurrency Research,Beaconcha,https://beaconcha.in/
Cryptocurrency Research,Binance,https://www.binance.com/
Cryptocurrency Research,BiTBO,https://bitbo.io/
Cryptocurrency Research,Bitcoin Abuse,https://www.bitcoinabuse.com/
Cryptocurrency Research,Bitcoin Paths,https://bitcoinpaths.com/
Cryptocurrency Research,Bitcoin WhosWho,https://www.bitcoinwhoswho.com/
Cryptocurrency Research,Bitcoin Wiki,https://en.bitcoin.it/wiki/Main_Page
Cryptocurrency Research,Bitcoin.org,https://bitcoin.org/
Cryptocurrency Research,BitcoinTalk,https://bitcointalk.org/
Cryptocurrency Research,BitInfoCharts,https://bitinfocharts.com/
Cryptocurrency Research,Bitnodes,https://bitnodes.io/
Cryptocurrency Research,bitonic,https://bitonic.nl/
Cryptocurrency Research,BitRef,https://bitref.com/
Cryptocurrency Research,Blockchain,https://blockchain.info/
Cryptocurrency Research,Blockchain Explorers,https://btc.cryptoid.info/
Cryptocurrency Research,Blockchain.com,https://www.blockchain.com/
Document And Reference Management,BibDesk,https://bibdesk.sourceforge.io/
Document And Reference Management,Bibsonomy,https://www.bibsonomy.org/
Document And Reference Management,Citavi,https://www.citavi.com/
Document And Reference Management,DocumentCloud,https://www.documentcloud.org/
Document And Reference Management,Docuware Cloud,https://start.docuware.com/docuware-cloud
Document And Reference Management,Dokmee,https://www.dokmee.com/
Document And Reference Management,Endnote,https://endnote.com/
Document And Reference Management,IManage,https://imanage.com/
Document And Reference Management,JabRef,https://www.jabref.org/
Document And Reference Management,Keepmark,https://keepmark.io/
Document And Reference Management,LiquidText,https://www.liquidtext.net/
Document And Reference Management,Mendeley,https://www.mendeley.com/
Document And Reference Management,Open Semantic Desktop Search,https://www.opensemanticsearch.org/doc/desktop_search/
Document And Reference Management,Overview,https://www.overviewdocs.com/
Document And Reference Management,Paperpile,https://paperpile.com/
Document And Reference Management,Papers,https://www.papersapp.com/
Document And Reference Management,Pinpoint,https://journaliststudio.google.com/pinpoint/about
Document And Reference Management,Qiqqa,http://www.qiqqa.com/
Document And Reference Management,Readcube,https://www.readcube.com/
Document And Reference Management,XODO,http://xodo.com/
Document Checking,Henley Passport Index,https://www.henleyglobal.com/passport-index
Document Checking,Keesing International ID Documents,https://www.keesingtechnologies.com/reference-database/id-documents
Document Checking,Nasjonalt ID-senter,https://www.nidsenter.no/
Document Checking,Passport Index,https://www.passportindex.org/
Document Checking,Passport Stamp,https://www.wikiwand.com/en/articles/Passport_stamp
Document Checking,PRADO,https://www.consilium.europa.eu/prado/EN/search-by-document-country.html
Document Search,_IntelligenceX: File,https://intelx.io/tools?tab=file
Document Search,/r/opendirectories,https://www.reddit.com/r/opendirectories
Document Search,4shared,https://www.4shared.com/
Document Search,Ask the EU,https://www.asktheeu.org/
Document Search,Aware Online: File Search,https://www.aware-online.com/osint-tools/bestandstypen-search-tool/
Document Search,Bucket Finder,https://digi.ninja/projects/bucket_finder.php
Document Search,Cloud OSINT,https://github.com/7WaySecurity/cloud_osint
Document Search,cloud_enum,https://github.com/initstring/cloud_enum
Document Search,CloudScraper,https://github.com/jordanpotti/CloudScraper
Document Search,CloudStorageFinder,https://github.com/digininja/CloudStorageFinder
Document Search,DeDigger,https://www.dedigger.com/
Document Search,EyeDex,https://www.eyedex.org/
Document Search,File Pursuit,https://filepursuit.com/
Document Search,FilePhish,https://greylensresearch.github.io/filephish/
Document Search,FileSearching,http://www.filesearching.com/
Document Search,Find-pdf-doc,http://www.findpdfdoc.com/
Document Search,Free Full PDF,http://www.freefullpdf.com/
Document Search,FreewareWeb,http://www.freewareweb.com/ftpsearch.shtml
Document Search,GCPBucketBrute,https://github.com/RhinoSecurityLabs/GCPBucketBrute
Document Search,goofile,https://tools.kali.org/information-gathering/goofile
Downloading Videos,4K Video Downloader (Different Platforms),https://www.4kdownload.com/
Downloading Videos,Botdownloader (Different Platforms),https://botdownloader.com/
Downloading Videos,ClipConverter.cc (YouTube),https://www.clipconverter.cc/
Downloading Videos,ddownr (YouTUbe),https://ddownr.com/
Downloading Videos,Deturl (YouTube),http://deturl.com/
Downloading Videos,Download Twitter Video (Twitter),https://ssstwitter.com/
Downloading Videos,Downloaderi,https://downloaderi.com/
Downloading Videos,Experts PHP: Pinterest Video Downloader (Pinterest),https://www.expertsphp.com/pinterest-video-downloader.html
Downloading Videos,Experts PHP: Reddit Video Downloader (Reddit),https://www.expertsphp.com/reddit-video-downloader.php
Downloading Videos,Experts PHP: TikTok Video Downloader (TikTok),https://www.expertsphp.com/tiktok-video-downloader.html
Downloading Videos,Facebook Video Downloader (Facebook),https://www.downloadvideosfrom.com/
Downloading Videos,fbdownloader (Facebook),https://fbdownloader.net/
Downloading Videos,freemake (Different Platforms),https://www.freemake.com/
Downloading Videos,Insta Clip,https://instaclip.app/
Downloading Videos,Instagram Downloader (Instagram),https://www.downloadvideosfrom.com/Instagram.php
Downloading Videos,instaloader (Instagram),https://github.com/instaloader/instaloader
Downloading Videos,InstaLooter (Instagram),https://github.com/althonos/InstaLooter
Downloading Videos,jdownloader,https://jdownloader.org/
Downloading Videos,Keep Flick (Different Platforms),https://www.keepflick.com/
Downloading Videos,Picuki,https://www.picuki.com/
Fact Checking,AfricaCheck,https://africacheck.org/
Fact Checking,AI Detector,https://aidetector.com/
Fact Checking,AI Detector by Grammarly,https://www.grammarly.com/ai-detector
Fact Checking,AI Image Detection,https://www.deepfind.me/tools/people-finder/ai-image-detection
Fact Checking,AI Image Detector,https://aiimagedetector.org/
Fact Checking,AltNews,https://www.altnews.in/
Fact Checking,AP Fact Check,https://apnews.com/hub/ap-fact-check
Fact Checking,Channel4 FactCheck,https://www.channel4.com/news/factcheck
Fact Checking,Chequeado,https://chequeado.com/
Fact Checking,Copyleaks AI Content Detector,https://copyleaks.com/ai-content-detector
Fact Checking,Credder,https://credder.com/
Fact Checking,Deepware,https://deepware.ai/
Fact Checking,Emergent,http://www.emergent.info/
Fact Checking,Fact Check,https://www.factcheck.org/
Fact Checking,Fact Check Tool Recents,https://toolbox.google.com/factcheck/explorer/search/list:recent;hl=en
Fact Checking,Factual News Search,https://factualsearch.news/
Fact Checking,Fake news debunker by InVID & WeVerify,https://chromewebstore.google.com/detail/fake-news-debunker-by-inv/mhccpoafgdgbhnjfhkcmgknndkeenfhe
Fact Checking,Fake News Sites on Facebook,https://www.dailydot.com/debug/fake-news-sites-list-facebook/
Fact Checking,Fakespot,https://www.fakespot.com/
Fact Checking,False Misleading Clickbait-y and/or Satirical News Sources,https://docs.google.com/document/d/10eA5-mCZLSS4MQY5QGb5ewC3VAL6pLkT53V_81ZyitM/preview
Font Identification,Font Spring,https://www.fontspring.com/matcherator
Font Identification,Font Squirrel,https://www.fontsquirrel.com/matcherator
Font Identification,Identifont,http://www.identifont.com/
Font Identification,LikeFont,https://en.likefont.com/
Font Identification,What Font Is,https://www.whatfontis.com/
Font Identification,What The Font,https://www.myfonts.com/pages/whatthefont
Forums And Discussion Boards,/r/OSINT,https://www.reddit.com/r/OSINT
Forums And Discussion Boards,Bellingcat Discord,https://discord.com/invite/nTaNPmz
Forums And Discussion Boards,DEFCON,https://discord.com/invite/defcon
Forums And Discussion Boards,Imaginary CTF,https://discord.com/invite/sjVcTTXg6a
Forums And Discussion Boards,Limitless OSINT,https://limitless-osint.com/
Forums And Discussion Boards,Open Facto,https://openfacto.fr/
Forums And Discussion Boards,OSINT Editor,https://discord.com/invite/M5pk9rE
Forums And Discussion Boards,OSINT FR,https://osintfr.com/
Forums And Discussion Boards,OSINT UK,https://www.osint.uk/
Forums And Discussion Boards,OSINT.Team,https://osint.team/
Forums And Discussion Boards,OSINTOPIA,https://www.linkedin.com/company/osintopia/
Forums And Discussion Boards,OZINT.EU,https://ozint.eu/
Forums And Discussion Boards,Project Fox,https://projetfox.com/
Forums And Discussion Boards,Project Owl,https://discord.com/invite/projectowl
Forums And Discussion Boards,Reddit Bureau of Investigations,https://www.reddit.com/r/RBI/
Forums And Discussion Boards,The OSINTion,https://discord.com/invite/p78TTGa
Forums And Discussion Boards,Trace Labs,https://discord.com/invite/Rn8z2QNAD9
Forums And Discussion Boards,TraceanObject,https://www.reddit.com/r/TraceAnObject
Forums And Discussion Boards,UK OSINT Community,https://www.linkedin.com/company/osintuk/
Glossaries And Dictionaries,Dictionary of Banking Terms and Phrases,https://www.helpwithmybank.gov/dictionary/index-dictionary.html
Glossaries And Dictionaries,Glossary of AML Terms,https://www.acams.org/en/resources/aml-glossary-of-terms
Glossaries And Dictionaries,Glossary of Fraud Terms,https://www.agacgfm.org/Intergov/Fraud-Prevention/Resources-Best-Practices/Glossary-of-Terms.aspx
Glossaries And Dictionaries,Glossary of Human-Trafficking Acronyms and Terms,https://www.americanbar.org/groups/judicial/publications/judges_journal/2013/winter/glossary_of_humantrafficking_acronyms_and_terms/
Glossaries And Dictionaries,Logistics Glossary,https://www.logisticsglossary.com/
Glossaries And Dictionaries,Merriam Webster,https://www.merriam-webster.com/
Glossaries And Dictionaries,MetaGlossary,https://www.metaglossary.com/
Glossaries And Dictionaries,Oxford English Dictionary,https://languages.oup.com/
Glossaries And Dictionaries,Stolen Asset Recovery Terminology,https://thesentry.org/terminology/
Glossaries And Dictionaries,The Free Dictionary,https://www.thefreedictionary.com/
Glossaries And Dictionaries,Urban Dictionary,https://www.urbandictionary.com/
Image Analysis,AI Detector,https://aidetector.com/
Image Analysis,AI Image Detector,https://aiimagedetector.org/
Image Analysis,AmIReal,https://seintpl.github.io/AmIReal/
Image Analysis,AnalogExif,https://sourceforge.net/projects/analogexif
Image Analysis,Aperi’ Solve,https://www.aperisolve.com/
Image Analysis,Auto Stitch,https://mattabrown.github.io/autostitch.html
Image Analysis,BetaFaceAPI,https://www.betafaceapi.com/demo.html
Image Analysis,Block Layer,https://www.blocklayer.com/scale-fixereng
Image Analysis,CameraSummary,https://camerasummary.com/
Image Analysis,ColorPilot: EXIF,https://www.colorpilot.com/exif.html
Image Analysis,Compress or Die,https://compress-or-die.com/analyze
Image Analysis,CrowdCounter,https://digitaldigging.org/crowdchecker
Image Analysis,Depix,https://github.com/spipm/Depixelization_poc
Image Analysis,DepixForText,https://github.com/ilila/DepixForTest
Image Analysis,Diffchecker,https://www.diffchecker.com/image-diff/
Image Analysis,exif app,https://exif.app/
Image Analysis,EXIF Hound,https://minexp.gumroad.com/l/EXIFHound
Image Analysis,Exif Looter,https://github.com/aydinnyunus/exifLooter
Image Analysis,Exif Purge,http://www.exifpurge.com/
Image Analysis,Exif Viewer Classic,https://chrome.google.com/webstore/detail/exif-viewer-classic/nafpfdcmppffipmhcpkbplhkoiekndck?hl=en
Live Streaming And Webcams,africam,https://www.africam.com/
Live Streaming And Webcams,Air LIVE,https://cam.airlive.net/
Live Streaming And Webcams,Airport Webcams,https://airportwebcams.net/
Live Streaming And Webcams,ALERTCalifornia,https://cameras.alertcalifornia.org/
Live Streaming And Webcams,Cam Hacker: Live Webcam Search Engine,https://www.camhacker.com/search/
Live Streaming And Webcams,Cam Streamer,https://camstreamer.com/live/map
Live Streaming And Webcams,Cams Collection,https://www.camscollection.ch/
Live Streaming And Webcams,City Webcams,https://city-webcams.com/
Live Streaming And Webcams,DLive,https://dlive.tv/
Live Streaming And Webcams,Dronestagr.am,https://www.dronestagr.am/
Live Streaming And Webcams,Earthcam,https://www.earthcam.com/
Live Streaming And Webcams,Explore Webcams,https://www.explorewebcams.com/
Live Streaming And Webcams,Explore.org: Livecams,https://explore.org/livecams
Live Streaming And Webcams,Facebook Livemap,https://www.facebook.com/live/map
Live Streaming And Webcams,Fox Monitor,https://www.foxmonitor.com/
Live Streaming And Webcams,Freedocast,https://www.freedocast.com/
Live Streaming And Webcams,goandroam,https://www.goandroam.com/
Live Streaming And Webcams,Holiday Live Cam,https://holidaylivecam.com/camera/search
Live Streaming And Webcams,Insecam,http://www.insecam.org/
Live Streaming And Webcams,IP Live Cams,https://www.iplivecams.com/
Mastodon,Fediverse Explorer,https://fediverse.info/explore/people
Mastodon,Followgraph on Mastodon,https://followgraph.vercel.app/
Mastodon,IMAGSTODON,https://seintpl.github.io/imagstodon/
Mastodon,Instances Social,https://instances.social/
Mastodon,MASTO,https://github.com/C3n7ral051nt4g3ncy/Masto
Mastodon,MastoGizmos,https://mastogizmos.com/
Mastodon,Movetodon,https://movetodon.org/
Mastodon,OSoMe Mastodon Search,https://osome.iu.edu/tools/mastodon/
Mastodon,SNScrape,https://github.com/JustAnotherArchivist/snscrape
Mastodon,Trunk,https://communitywiki.org/trunk/
Multilogin Anti Detect Browsers,Ghost Browser,https://ghostbrowser.com/
Multilogin Anti Detect Browsers,Gologin,https://gologin.com/
Multilogin Anti Detect Browsers,Incognition,https://incogniton.com/
Multilogin Anti Detect Browsers,Indigo,https://indigobrowser.com/
Multilogin Anti Detect Browsers,Kameleo,https://kameleo.io/
Multilogin Anti Detect Browsers,Multilogin,https://multilogin.com/
Multilogin Anti Detect Browsers,VMLogin,https://www.vmlogin.us/
Names And Naming Conventions,A Guide to Names and Naming Practices,https://www.fbiic.gov/public/2008/nov/Naming_practice_guide_UK_2006.pdf
Names And Naming Conventions,Behind The Name,https://www.behindthename.com/
Names And Naming Conventions,Forebears,https://forebears.io/
Names And Naming Conventions,Indian Naming Conventions,http://learningindia.in/indian-naming-conventions/
Names And Naming Conventions,Law Enforcement Guide to International Names,https://info.publicintelligence.net/ROCICInternationalNames.pdf
Names And Naming Conventions,Nameberry,https://nameberry.com/
Names And Naming Conventions,NAMINT,https://seintpl.github.io/NAMINT/
Names And Naming Conventions,Russian Names,https://www.russlandjournal.de/russisch-lernen/russische-namen
News Directories,ABYZNewsLinks,http://www.abyznewslinks.com/
News Directories,AllYouCanRead,https://www.allyoucanread.com/
News Directories,East view: Newspaper,https://www.eastview.com/resources/newspapers/
News Directories,Google News Print Archive,https://news.google.com/newspapers
News Directories,Library of Congress – US Newspapers,https://chroniclingamerica.loc.gov/search/titles/
News Directories,Media Map / Link List,https://start.me/p/nRr1Pa/09europe
News Directories,Newspaper Archive,https://newspaperarchive.com/
News Directories,Newspaper Map,https://newspapermap.com/
News Directories,Newspaperindex,https://www.newspaperindex.com/
News Directories,Newspapers.com,https://www.newspapers.com/
News Directories,OnlineNewspapers,https://onlinenewspapers.com/
News Directories,Paperboy,http://www.thepaperboy.com/
News Directories,Press Reader,http://www.pressreader.com/
News Directories,SA WEST,https://sawest.eu/
News Directories,W3newspapers,https://www.w3newspapers.com/
News Directories,Wikipedia: List of Online Newspaper Archives,https://en.wikipedia.org/wiki/Wikipedia:List_of_online_newspaper_archives
News Directories,World Newspapers,https://www.world-newspapers.com/
Notetaking,acreom,https://acreom.com/
Notetaking,Affine,https://affine.pro/
Notetaking,Agenda,https://agenda.com/
Notetaking,Bear,https://bear.app/
Notetaking,Brainio,https://brainio.com/
Notetaking,Capacities,https://capacities.io/
Notetaking,cherrytree,https://www.giuspen.com/cherrytree
Notetaking,CintaNotes,http://cintanotes.com/
Notetaking,ClickUp,https://clickup.com/
Notetaking,Coda,https://coda.io/
Notetaking,Collected Notes,https://collectednotes.com/
Notetaking,craft,https://www.craft.do/
Notetaking,Evernote,https://evernote.com/
Notetaking,Google Keep,https://keep.google.com/
Notetaking,inkdrop,https://www.inkdrop.app/
Notetaking,Joplin,https://joplinapp.org/
Notetaking,KeepNote,http://keepnote.org/
Notetaking,Logseq,https://logseq.com/
Notetaking,Mem,https://get.mem.ai/
Notetaking,Microsoft Loop,https://loop.cloud.microsoft/
Osint Books,Automating Open Source Intelligence: Algorithms for OSINT (Computer Science Reviews and Trends),https://www.amazon.com/Automating-Open-Source-Intelligence-Algorithms-ebook/dp/B019K7CN26
Osint Books,Custom Search - Discover more:: A Complete Guide to Google Programmable Search Engines,https://www.amazon.com/Custom-Search-Discover-Complete-Programmable/dp/0367567393
Osint Books,Deep Dive: Exploring the Real-world Value of Open Source Intelligence,https://www.amazon.com/Deep-Dive-Exploring-Real-world-Intelligence/dp/1119933242
Osint Books,Down the Rabbit Hole An OSINT Journey: Open Source Intelligence Gathering for Penetration Testing,https://www.amazon.com/Down-Rabbit-Hole-OSINT-Journey/dp/0995687544
Osint Books,Extreme Privacy: What It Takes to Disappear,https://www.amazon.com/Extreme-Privacy-What-Takes-Disappear/dp/B09W78GW2T
Osint Books,Google Hacking for Penetration Testers,https://www.amazon.com/Google-Hacking-Penetration-Testers-Johnny/dp/0128029641
Osint Books,Hack The World with OSINT (Hackers Gonna Hack),https://www.amazon.com/Hack-World-OSINT-Hackers-Gonna/dp/0995687595
Osint Books,Hacking Web Intelligence: Open Source Intelligence and Web Reconnaissance Concepts and Techniques,https://www.amazon.com/Hacking-Web-Intelligence-Reconnaissance-Techniques-ebook/dp/B00ZAOBUQ4
Osint Books,Hunting Cyber Criminals: A Hacker's Guide to Online Intelligence Gathering Tools and Techniques,https://www.amazon.com/OSINT-Toolkit-Intelligence-Gathering-Investigations/dp/1119540925
Osint Books,Introduction to Social Media Investigation: A Hands-on Approach,https://www.amazon.com/gp/product/B00UV7J26A
Osint Books,Investigating Cryptocurrencies: Understanding Extracting and Analyzing Blockchain Evidence,https://www.amazon.com/Investigating-Cryptocurrencies-Understanding-Extracting-Blockchain/dp/1119480582
Osint Books,Online security for politicians.: How not to get hacked. (OSINT Book 2),https://www.amazon.com/gp/product/B08RY6W9LK
Osint Books,Open Source Intelligence Methods and Tools: A Practical Guide to Online Intelligence,https://www.amazon.com/Open-Source-Intelligence-Methods-Tools/dp/1484232127
Osint Books,OPEN SOURCE INVESTIGATIONS IN THE AGE OF GOOGLE: 4,https://www.amazon.com/OPEN-SOURCE-INVESTIGATIONS-AGE-GOOGLE/dp/1800614063
Osint Books,Operator Handbook: Red Team + OSINT + Blue Team Reference,https://www.amazon.com/Operator-Handbook-Team-OSINT-Reference/dp/B085RR67H5
Osint Books,OSINT for the Staffing World!,https://www.amazon.com/OSINT-Staffing-World-Dean-Costa-ebook/dp/B07W3JRW5Y
Osint Books,OSINT Investigations: We know what you did that summer (Cyber Secrets),https://www.amazon.com/OSINT-Investigations-summer-Cyber-Secrets/dp/B09PHHDFBM
Osint Challenges And Ctfs,Kase Scenarios,https://kasescenarios.com/
Osint Challenges And Ctfs,A Google a Day,http://www.agoogleaday.com/
Osint Challenges And Ctfs,Awesome CTF,https://github.com/apsdehal/awesome-ctf
Osint Challenges And Ctfs,Bellingcat Open Source Challenge,https://challenge.bellingcat.com/
Osint Challenges And Ctfs,Blue Team Labs,https://%20https//blueteamlabs.online/
Osint Challenges And Ctfs,Cyber Defenders,https://cyberdefenders.org/blueteam-ctf-challenges/intel101/
Osint Challenges And Ctfs,E-mail-based OSINT Quiz,https://www.reddit.com/r/OSINT/comments/ekcp5b/osint_quiz
Osint Challenges And Ctfs,Geo Guessr,https://www.geoguessr.com/
Osint Challenges And Ctfs,GeoGuessr,https://www.geoguessr.com/
Osint Challenges And Ctfs,Gralhix – OSINT Exercises,https://gralhix.com/list-of-osint-exercises/
Osint Challenges And Ctfs,Hack the Box CTF Platform,https://ctf.hackthebox.eu/
Osint Challenges And Ctfs,Hacktoria,https://hacktoria.com/
Osint Challenges And Ctfs,Imaginary CTF,https://imaginaryctf.org/
Osint Challenges And Ctfs,Intelligence CTF,https://ictf.io/
Osint Challenges And Ctfs,Missing Persons Hackthon,https://www.missingpersonshackathon.com.au/
Osint Challenges And Ctfs,OSINT Dojo,https://www.osintdojo.com/
Osint Challenges And Ctfs,OSINT Quiz,https://github.com/seintpl/osintquiz
Osint Challenges And Ctfs,OSMOSIS CTF,https://osmosis.ctfd.io/
Osint Challenges And Ctfs,Picture Game,https://www.reddit.com/r/PictureGame/
Osint Challenges And Ctfs,PictureGame,https://www.reddit.com/r/PictureGame
Osint Podcasts,Bellingcat Podcasts,https://www.bellingcat.com/category/resources/podcasts/
Osint Podcasts,Breadcrumbs by Trace Labs,https://open.spotify.com/show/1PHveMFjdgyxJJAZJWWF8G
Osint Podcasts,Click Here: Recorded Future News,https://www.listennotes.com/podcasts/click-here-recorded-future-news-gJ84mEY7VkT/
Osint Podcasts,Cloak and Dagger,https://podcasts.apple.com/us/podcast/cloak-and-dagger-an-osint-podcast/id1685681095
Osint Podcasts,CTG's Threat Intelligence Podcast,https://podcastaddict.com/podcast/ctg-s-threat-intelligence-podcast/3313150
Osint Podcasts,Cyber Sector 7 OSINT Hacking & Privacy,https://podcasters.spotify.com/pod/show/cyber-sector7/
Osint Podcasts,Cyber Warrior Princess,https://podcasts.apple.com/us/podcast/cyber-warrior-princess/id1447704787
Osint Podcasts,Darknet Diaries,https://darknetdiaries.com/episode
Osint Podcasts,Digital Digging,https://open.spotify.com/show/2Nd6UWJbZWaA73E5SoqBAN
Osint Podcasts,Fraudish,https://open.spotify.com/show/3w4zRjgH0p2RXFuoyFtPG5
Osint Podcasts,Grey Dynamics,https://greydynamics.com/podcast
Osint Podcasts,Intelligence Matters,https://www.listennotes.com/podcasts/intelligence-matters-cbs-news-t1qpCF4Zcxu/
Osint Podcasts,Janes: The World of Intelligence Podcast,https://www.janes.com/podcast
Osint Podcasts,Layer 8 Podcast,https://anchor.fm/layer-8-podcast
Osint Podcasts,Needle Stack,https://authentic8.com/needlestack
Osint Podcasts,Open Secret,https://www.osintcombine.com/podcast
Osint Podcasts,OSINT Cocktail,https://creators.spotify.com/pod/profile/osint-cocktail
Osint Podcasts,PI Perspectives,https://podcasts.apple.com/us/podcast/pi-perspectives/id1481502619
Osint Podcasts,Shadow Dragon Podcast,https://podcast.shadowdragon.io/
Osint Podcasts,SpyMuseum Podcast,https://www.spymuseum.org/podcast
Pdf Management,CISDEM PDF Converter OCR for Mac,https://www.cisdem.com/pdf-converter-ocr-mac.html
Pdf Management,CleverPDF,https://www.cleverpdf.com/
Pdf Management,CutePDF,https://www.cutepdf.com/
Pdf Management,dangerzone,https://github.com/firstlookmedia/dangerzone
Pdf Management,Foxit Editor,https://www.foxitsoftware.com/pdf-editor
Pdf Management,Foxit Reader,https://www.foxitsoftware.com/products/pdf-reader
Pdf Management,Free PDF Compressor,http://www.freepdfcompressor.com/
Pdf Management,Icecream Apps,https://icecreamapps.com/
Pdf Management,ilovepdf,https://www.ilovepdf.com/
Pdf Management,iSkysoft,https://pdf.iskysoft.com/
Pdf Management,Nitro PDF Reader,https://www.gonitro.com/pdf-reader
Pdf Management,PDF Eraser,https://www.pdferaser.net/
Pdf Management,PDF Exchange,https://www.tracker-software.com/
Pdf Management,PDFCore,https://www.pdfcore.com/
Pdf Management,PDFEscape,https://www.pdfescape.com/
Pdf Management,PDFExpert,https://pdfexpert.com/
Pdf Management,PDFSAM,https://pdfsam.org/download-pdfsam-basic/
Pdf Management,PDFx,https://www.metachris.com/pdfx/
Pdf Management,PrimoPDF,https://www.primopdf.com/
Pdf Management,pyPdf,https://pypi.org/project/pyPdf/
Public Records,Accurint (US),https://www.accurint.com/
Public Records,Australia Public Records (Australia),https://www.australiapublicrecord.com/
Public Records,BeenVerified (US),https://www.beenverified.com/
Public Records,Black Book Online (US),https://www.blackbookonline.info/
Public Records,BRB Publications (US and Canada),https://www.brbpublications.com/
Public Records,BRB's Free Resource Center,https://www.brbpub.com/free-public-records
Public Records,BRBPub.com (US),https://www.brbpub.com/
Public Records,City Protect (US),https://cityprotect.com/
Public Records,CLEAR (US),https://legal.thomsonreuters.com/en/products/clear
Public Records,Echovita (US),https://www.echovita.com/
Public Records,Family Watchdog (US),https://www.familywatchdog.us/
Public Records,Federal Bureau of Prisons - Inmate Locator (US),https://www.bop.gov/inmateloc
Public Records,Find A Grave (US),https://www.findagrave.com/
Public Records,Find People Search (US),https://www.findpeoplesearch.com/
Public Records,Fold3 (US Military Records),https://www.fold3.com/
Public Records,Free Public Records Directory (US),https://www.publicrecords.onlinesearches.com/
Public Records,Free Public Records in Other Nations,https://publicrecords.searchsystems.net/Other_Nations
Public Records,golookup (US),https://golookup.com/
Public Records,GPublic (US),https://qpublic.schneidercorp.com/
Public Records,Grave Info (US),http://www.graveinfo.com/
Researching Airplanes,360 Radar,https://360radar.co.uk/
Researching Airplanes,ADS-B,https://globe.adsbexchange.com/
Researching Airplanes,ADS-B Exchange,https://www.adsbexchange.com/
Researching Airplanes,ADS-B.nl,https://www.ads-b.nl/
Researching Airplanes,AeroTransport Data Bank,https://aerotransport.org/
Researching Airplanes,Air LIVE,https://cam.airlive.net/
Researching Airplanes,Aircraft Performance Database,https://contentzone.eurocontrol.int/aircraftperformance/default.aspx?NameFilter=boeing
Researching Airplanes,Aircraft Recognition Guide,https://www.aircraftrecognitionguide.com/
Researching Airplanes,Aircraft Serial Number Search,http://users.rcn.com/jeremy.k/serialSearch.html
Researching Airplanes,Airfleets.net,https://www.airfleets.net/
Researching Airplanes,Airframes,http://www.airframes.org/
Researching Airplanes,AirHistory.net,https://www.airhistory.net/
Researching Airplanes,Airliner Spotter,https://www.airlinerspotter.com/
Researching Airplanes,Airliners,http://www.airliners.net/
Researching Airplanes,Airnav,http://www.airnav.com/airports/
Researching Airplanes,Airnav Radar,https://www.airnavradar.com/
Researching Airplanes,Airport Data,https://www.airport-data.com/
Researching Airplanes,Airport Webcams,https://airportwebcams.net/
Researching Airplanes,Airportdata.com,https://%20https//www.airportdata.com
Researching Airplanes,Airportia,https://www.airportia.com/
Researching Automotive Vehicles,_IntelligenceX: VIN,https://intelx.io/tools?tab=vin
Researching Automotive Vehicles,Analyst Search Tools,https://analystresearchtools.com/
Researching Automotive Vehicles,Auto Gespot,https://www.autogespot.com/
Researching Automotive Vehicles,AutoCheck (US),https://www.autocheck.com/vehiclehistory/?siteID=0
Researching Automotive Vehicles,AutoDetective (US),https://www.autodetective.com/
Researching Automotive Vehicles,AutoDNA,https://www.autodna.com/
Researching Automotive Vehicles,AutoTrader (RU) Vehicle Registration Codes,https://autotraveler.ru/en/spravka/vehicle-registration-codes-in-the-world.html#.Wsz3O4jwY2w
Researching Automotive Vehicles,Autowini,https://www.autowini.com/
Researching Automotive Vehicles,Big Rig VIN,https://bigrigvin.com/
Researching Automotive Vehicles,Biluppgifter (Sweden),https://biluppgifter.se/
Researching Automotive Vehicles,Car Detective,https://www.cardetective.com/
Researching Automotive Vehicles,Car Logos,https://www.carlogos.org/
Researching Automotive Vehicles,Car Model,https://carmodel.toolpie.com/
Researching Automotive Vehicles,Car Tax Check (UK),https://cartaxcheck.co.uk/
Researching Automotive Vehicles,Caravan VIN Decoder,https://www.caravanvindecoder.com/
Researching Automotive Vehicles,CarFax (US),https://www.carfax.com/
Researching Automotive Vehicles,Carnet,http://carnet.ai/
Researching Automotive Vehicles,Chassisnummeropzoeken.be,https://www.chassisnummeropzoeken.be/
Researching Automotive Vehicles,Check MOT History (UK),https://www.check-mot.service.gov.uk/
Researching Automotive Vehicles,Check That VIN,https://checkthatvin.com/
Researching Ips,_IntelligenceX: GeoIP,https://intelx.io/tools?tab=geoip
Researching Ips,_IntelligenceX: IP Lookup,https://intelx.io/tools?tab=ip
Researching Ips,007-TheBond,https://github.com/Deadshot0x7/007-TheBond
Researching Ips,AbuseIPDB,https://www.abuseipdb.com/
Researching Ips,Angry IP Scanner,http://angryip.org/
Researching Ips,At Same IP,https://atsameip.intercode.ca/
Researching Ips,BGP HE,https://bgp.he.net/
Researching Ips,BGP view,https://bgpview.io/
Researching Ips,Blacklist Alert,https://blacklistalert.org/
Researching Ips,Blacklisted IP Check,https://whoisip.ovh/blacklist
Researching Ips,Blocklist.de,https://www.blocklist.de/en/index.html
Researching Ips,BotScout,https://botscout.com/search.htm
Researching Ips,Bright Cloud: URL / IP Lookup,https://www.brightcloud.com/tools/url-ip-lookup.php
Researching Ips,BrightCloud URL or IP Lookup,https://www.brightcloud.com/tools/url-ip-lookup.php
Researching Ips,C99.nl,https://api.c99.nl/
Researching Ips,CentralOps.net,https://centralops.net/
Researching Ips,Check-Host,https://check-host.net/
Researching Ips,CINSscore,http://cinsscore.com/
Researching Ips,CloudFail,https://github.com/m0rtem/CloudFail
Researching Ips,Country Flags & IP Whois,https://addons.mozilla.org/en-US/firefox/addon/country-flags-ip-whois/?src=search
Researching Leaks,Aleph - OCCRP Data: Investigative Dashboard Search,https://github.com/alephdata/aleph
Researching Leaks,BalkanLeaks,https://balkanleaks.eu/
Researching Leaks,Cryptome,https://cryptome.org/
Researching Leaks,DDOSECRETS,https://ddosecrets.com/
Researching Leaks,GLOBALLEAKS,https://www.globaleaks.org/
Researching Leaks,Leak Scraper,https://github.com/Acceis/leakScraper/wiki/leakScraper
Researching Leaks,Library of Leaks,https://search.libraryofleaks.org/
Researching Leaks,OCCRP Aleph,https://data.occrp.org/datasets
Researching Leaks,Offshore Alert,https://www.offshorealert.com/
Researching Leaks,Offshore Leak Database,https://offshoreleaks.icij.org/
Researching Leaks,Organised Crime and Corruption Reporting Project (OCCRP),https://www.occrp.org/
Researching Leaks,Public Library of US Diplomacy,https://search.wikileaks.org/plusd/
Researching Leaks,Wikileaks,https://wikileaks.org/
Researching Leaks,Wikileaks Advanced Search,https://search.wikileaks.org/advanced
Researching Leaks,WikiSpooks,https://wikispooks.com/
Rss Mixing,Feed Mix,https://feedmix.novaclic.com/
Searching Pastebins,CybDetective: Pastebin,https://cybdetective.com/pastebin.html
Searching Pastebins,Kr0ff Pasta,https://github.com/Kr0ff/Pasta
Searching Pastebins,List of Pastebins,https://github.com/jamesacampbell/awesome-pastes
Searching Pastebins,LootBin,https://github.com/gustqvo432/LootBin
Searching Pastebins,OSINT Toolkit,https://one-plus.github.io/DocumentSearch
Searching Pastebins,Pastebin Bisque,https://github.com/bbbbbrie/pastebin-bisque
Searching Pastebins,Pastebin.com,https://pastebin.com/
Searching Pastebins,PwnBin,https://github.com/kahunalu/pwnbin
Searching Pastebins,Scavenger,https://github.com/rndinfosecguy/Scavenger
Searching Pastebins,sniff-paste,https://github.com/needmorecowbell/sniff-paste
Slideshow And Presentation Tools,Canva,https://www.canva.com/
Slideshow And Presentation Tools,Deckset,http://www.decksetapp.com/
Slideshow And Presentation Tools,decktopus,https://www.decktopus.com/
Slideshow And Presentation Tools,Drawify,https://drawify.com/
Slideshow And Presentation Tools,emaze,https://www.emaze.com/
Slideshow And Presentation Tools,FlowVella,https://flowvella.com/
Slideshow And Presentation Tools,genially,https://www.genial.ly/
Slideshow And Presentation Tools,Google Slides,https://workspace.google.com/products/slides
Slideshow And Presentation Tools,GoogleDocs,https://docs.google.com/
Slideshow And Presentation Tools,Haiku Deck,https://www.haikudeck.com/
Slideshow And Presentation Tools,Keynote,https://www.apple.com/de/mac/keynote
Slideshow And Presentation Tools,LibreOffice,https://www.libreoffice.org/
Slideshow And Presentation Tools,Mentimeter,https://www.mentimeter.com/
Slideshow And Presentation Tools,MS Office,https://products.office.com/
Slideshow And Presentation Tools,Padlet,https://padlet.com/
Slideshow And Presentation Tools,Piktochart,https://piktochart.com/
Slideshow And Presentation Tools,Pitch Deck,https://pitchdeck.io/
Slideshow And Presentation Tools,Powtoon,https://www.powtoon.com/home/
Slideshow And Presentation Tools,presenterswall,https://www.presenterswall.com/
Slideshow And Presentation Tools,Prezi,https://prezi.com/
Social Media Monitoring,Agility PR Solutions,https://www.agilitypr.com/
Social Media Monitoring,Agora pulse,https://www.agorapulse.com/
Social Media Monitoring,AlphaSense,https://www.alpha-sense.com/
Social Media Monitoring,Atribus,https://atribus.com/
Social Media Monitoring,Awario,https://awario.com/
Social Media Monitoring,Brand24,https://brand24.com/
Social Media Monitoring,Brandwatch,https://www.brandwatch.com/
Social Media Monitoring,Cision,https://www.cision.com/lp/media-monitoring
Social Media Monitoring,Citizen,https://citizen.com/explore
Social Media Monitoring,Coosto,https://www.coosto.com/
Social Media Monitoring,Critical Mention,https://www.criticalmention.com/
Social Media Monitoring,CrowdAnalyzer,https://www.crowdanalyzer.com/
Social Media Monitoring,Dataminr,https://www.dataminr.com/
Social Media Monitoring,DataScouting,https://datascouting.com/
Social Media Monitoring,determ,https://determ.com/
Social Media Monitoring,Empilifi,https://emplifi.io/
Social Media Monitoring,Ferret,https://check-ferret.webflow.io/
Social Media Monitoring,Flashpoint,https://flashpoint.io/
Social Media Monitoring,Hootsuite,https://www.hootsuite.com/
Social Media Monitoring,Iconosquare,https://www.iconosquare.com/
Social Media Search,buzzglobe,https://buzzglobe.com/
Social Media Search,Evolve Social Search,https://bonobos.github.io/evolve-social-search/
Social Media Search,PB CSV,https://cse.google.com/cse?cx=029ffbc44aa3946cb
Social Media Search,Social Search Engine,https://www.socialsearchengine.org/
Social Media Search,Social Searcher,https://www.social-searcher.com/
Social Media Search,UVRX,http://www.uvrx.com/social.html
Social Media Search,Waybien,https://waybien.com/
Text Editors,BBEdit,https://www.barebones.com/products/bbedit/
Text Editors,DocPad,https://www.gammadyne.com/docpad.htm
Text Editors,GNU Emacs,https://www.gnu.org/software/emacs/
Text Editors,LightPaper,https://getlightpaper.com/
Text Editors,Microsoft Notepad,https://www.microsoft.com/en-us/p/windows-notepad/9msmlrh6lzf3?activetab=pivot:overviewtab
Text Editors,Notepad++,https://notepad-plus-plus.org/
Text Editors,NoteTab,https://www.notetab.com/
Text Editors,PSPad,http://www.pspad.com/
Text Editors,Sublime Text,https://www.sublimetext.com/
Text Editors,TEDNotepad,https://jsimlo.sk/notepad/
Text Editors,TextMate,https://macromates.com/
Text Editors,TextPad,https://www.textpad.com/
Text Editors,Typora,https://typora.io/
Text Editors,UltraEdit,https://www.ultraedit.com/
Twitter X,_IntelligenceX: Twitter,https://intelx.io/tools?tab=twitter
Twitter X,Archive Tweets,https://archive.twitter-trending.com/
Twitter X,Aware Online Twitter Search,http://www.aware-online.com/en/osint-tools/twitter-search-tool/
Twitter X,BirdHunt,https://birdhunt.huntintel.io/
Twitter X,Birdwatcher,https://awesomeopensource.com/project/michenriksen/birdwatcher
Twitter X,Botdownloader (Different Platforms),https://botdownloader.com/
Twitter X,Cawbird,https://snapcraft.io/cawbird
Twitter X,Deleted Tweet Finder V2.3,https://cache.digitaldigging.org/
Twitter X,Download Twitter Data,https://www.twtdata.com/
Twitter X,Download Twitter Video (Twitter),https://ssstwitter.com/
Twitter X,DreDown,https://www.dredown.com/
Twitter X,Eight Dollars,https://github.com/wseagar/eight-dollars
Twitter X,Export Comments,https://exportcomments.com/
Twitter X,Fedica,https://fedica.com/
Twitter X,Follower Audit,https://www.followeraudit.com/
Twitter X,Followers Analysis,https://www.followersanalysis.com/
Twitter X,Followerwonk,https://followerwonk.com/
Twitter X,Gebruikersnamen,https://gebruikersnamen.nl/
Twitter X,Get Day Trends,https://getdaytrends.com/
Twitter X,Get Dewey,https://getdewey.co/
Unit Conversion,Conversion Calculator,https://www.calculator.net/conversion-calculator.html
Unit Conversion,Convert Units,https://www.convertunits.com/
Unit Conversion,Digital Dutch Unit Converter,https://www.digitaldutch.com/unitconverter/length.htm
Unit Conversion,Knovel Unit Converter,https://app.knovel.com/uc/
Unit Conversion,Metric Conversions,https://www.metric-conversions.org/
Unit Conversion,Unit Conversion,http://www.unit-conversion.info/
Unit Conversion,Unit Converter,https://www.mathsisfun.com/unit-conversion-tool.php
Unit Conversion,Unit Converters,https://www.unitconverters.net/
Validating E Mails,_IntelligenceX: Validate Email Addresses,https://intelx.io/tools?tab=emailvalidate
Validating E Mails,BriteVerify Email Verification,http://www.briteverify.co.uk/
Validating E Mails,C99.nl,https://api.c99.nl/
Validating E Mails,Central Ops Email Dossier,https://centralops.net/co/emaildossier.aspx
Validating E Mails,check-if-email-exists,https://github.com/reacherhq/check-if-email-exists
Validating E Mails,Clearout,https://clearout.io/
Validating E Mails,Email Address Validator,https://www.email-validator.net/
Validating E Mails,Email Checker,https://email-checker.net/
Validating E Mails,Email List Verify,https://www.emaillistverify.com/
Validating E Mails,email-osint-ripper,https://github.com/Quantika14/email-osint-ripper
Validating E Mails,emailable,https://emailable.com/
Validating E Mails,EmailHippo,https://tools.emailhippo.com/
Validating E Mails,IP Quality Score,https://www.ipqualityscore.com/
Validating E Mails,Mailbox Validator,https://www.mailboxvalidator.com/
Validating E Mails,Melissa (US),http://www.melissadata.com/lookups/emails.asp
Validating E Mails,MillionVerifier,https://www.millionverifier.com/
Validating E Mails,My Email Verifier,https://myemailverifier.com/
Validating E Mails,OSINT Mailer,https://github.com/techenthusiast167/OSINTMAILER-
Validating E Mails,Proofy,https://proofy.io/
Validating E Mails,Reacher,https://reacher.email/
Video Editors And Converters,4K Video Downloader (Different Platforms),https://www.4kdownload.com/
Video Editors And Converters,Adobe,https://www.adobe.com/
Video Editors And Converters,Apple Clips,https://www.apple.com/clips/
Video Editors And Converters,Apple iMovie,https://www.apple.com/imovie/
Video Editors And Converters,Avidemux,http://avidemux.sourceforge.net/
Video Editors And Converters,Clip Champ Create,https://clipchamp.com/en/video-editor/
Video Editors And Converters,ClipConverter.cc (YouTube),https://www.clipconverter.cc/
Video Editors And Converters,Colourlab AI,https://colourlab.ai/
Video Editors And Converters,Contentfries,https://www.contentfries.com/
Video Editors And Converters,Convertio TS to MP4,https://convertio.co/ts-mp4/
Video Editors And Converters,Corel Video Studio,https://www.videostudiopro.com/
Video Editors And Converters,CyberLink,https://www.cyberlink.com/
Video Editors And Converters,D-id,https://studio.d-id.com/
Video Editors And Converters,DaVinci Resolve,https://www.blackmagicdesign.com/products/davinciresolve
Video Editors And Converters,ddownr (YouTUbe),https://ddownr.com/
Video Editors And Converters,descript,https://www.descript.com/
Video Editors And Converters,Dubverse AI,https://dubverse.ai/
Video Editors And Converters,FFmpeg,https://ffmpeg.org/
Video Editors And Converters,Final Cut Pro,https://www.apple.com/ca/final-cut-pro/
Video Editors And Converters,freemake (Different Platforms),https://www.freemake.com/
Virtual Machines,Browser Appliance,http://browser.shell.tor.hu/
Virtual Machines,Linux KVM,https://www.linux-kvm.org/page/Main_Page
Virtual Machines,Parallels,https://www.parallels.com/
Virtual Machines,QEMU,https://www.qemu.org/
Virtual Machines,Trace Labs OSINT VM,https://www.tracelabs.org/trace-labs-osint-vm
Virtual Machines,Veertu,https://veertu.com/
Virtual Machines,VirtualBox,https://www.virtualbox.org/
Virtual Machines,VMWare,https://www.vmware.com/
Virtual Machines,Windows Hyper-V,https://www.microsoft.com/en-us/cloud-platform/server-virtualization
Vpn Services,AdGuard VPN,https://adguard-vpn.com/
Vpn Services,AirVPN,https://airvpn.org/
Vpn Services,Box PN,https://boxpn.com/
Vpn Services,CryptoStorm,https://cryptostorm.is/#section5
Vpn Services,Golden Frog,https://www.goldenfrog.com/
Vpn Services,HideMyAss,https://www.hidemyass.com/
Vpn Services,Hotspot Shield,https://www.hotspotshield.com/
Vpn Services,Hoxx,https://hoxx.com/
Vpn Services,IPVanish,https://www.ipvanish.com/
Vpn Services,IVPN,https://www.ivpn.net/
Vpn Services,Mullvad,https://mullvad.net/
Vpn Services,NordVPN,https://nordvpn.com/
Vpn Services,Perfect Privacy,https://www.perfect-privacy.com/en/
Vpn Services,Personal VPN,https://www.personalvpn.com/
Vpn Services,Proton VPN,https://protonvpn.com/
Vpn Services,Pure VPN,https://www.purevpn.com/
Vpn Services,Speedify,https://speedify.com/desktop-vpn/
Vpn Services,Strong VPN,https://strongvpn.com/
Vpn Services,TorGuard,https://torguard.net/
Vpn Services,TunnelBear,https://www.tunnelbear.com/
Wikipedia,Wikipedia People Research Tool,https://megagladys.com/
Wikipedia,Wistalk,https://github.com/altilunium/wistalk
Working With Breached Data,_IntelligenceX,https://intelx.io/
Working With Breached Data,Ashley Madison Hack,https://ashley.cynic.al/
Working With Breached Data,Breach Check,https://breachcheck.io/
Working With Breached Data,Breach Directory,https://breachdirectory.org/
Working With Breached Data,Burnermail Data Breach Checker,https://burnermail.io/resources/data-breach-checker
Working With Breached Data,Constella,https://constella.ai/
Working With Breached Data,Cybernews Password Leak Check,https://cybernews.com/password-leak-check
Working With Breached Data,Cybernews: Personal Data Leak Check,https://cybernews.com/personal-data-leak-check
Working With Breached Data,DataBreach,https://databreach.com/
Working With Breached Data,DeepFind.me: Email Validator,https://www.deepfind.me/tools/email-and-domain/email-validator
Working With Breached Data,Dehashed,https://dehashed.com/
Working With Breached Data,Distributed Denial of Secrets,https://ddosecrets.com/
Working With Breached Data,District4,https://www.district4labs.com/
Working With Breached Data,FindEmail,https://findemail.io/
Working With Breached Data,Firefox Monitor,https://monitor.firefox.com/
Working With Breached Data,gosearch,https://github.com/ibnaleem/gosearch
Working With Breached Data,h8mail,https://github.com/khast3x/h8mail
Working With Breached Data,Hackedlist.io,https://hackedlist.io/
Working With Breached Data,Have I Been Pwned,https://haveibeenpwned.com/
Working With Breached Data,Have I Been Sold,https://haveibeensold.app/
Working With Citations,Bibcitation,https://www.bibcitation.com/
Working With Citations,Bibliography,https://www.bibliography.com/
Working With Citations,Bibme,https://www.bibme.org/
Working With Citations,Citation Generator,https://www.citethisforme.com/us/citation-generator
Working With Citations,Citation Machine,https://www.citationmachine.net/
Working With Citations,Citationsy*,https://citationsy.com/
Working With Citations,Cite This For Me,https://www.citethisforme.com/
Working With Citations,Citefast,https://www.citefast.com/
Working With Citations,CustomWritings.com: Bibliography Generator,https://www.customwritings.com/citation_generator.html
Working With Citations,EasyBib,https://www.easybib.com/
Working With Citations,KnightCite,https://www.calvin.edu/library/knightcite/
Working With Citations,MyBib,https://www.mybib.com/
Working With Citations,MyBib: Citation,https://www.mybib.com/#/projects/49ZAam/citations
Working With Hashes,_IntelligenceX Reverse Hash Lookup,https://intelx.io/tools?tab=hash
Working With Hashes,CrackStation,https://crackstation.net/
Working With Hashes,DeepFind.me: File Hash Checker,https://www.deepfind.me/tools/file-analysis/file-hash-checker
Working With Hashes,Hashes,https://hashes.com/en/decrypt/hash
Working With Hashes,HashID,https://mattw.io/hashID/
Working With Hashes,Hashmob,https://hashmob.net/search
Working With Hashes,M5decrypt,https://md5decrypt.net/en/#answer
Working With Hashes,Mobile Fish Hash Generator,https://www.mobilefish.com/services/hash_generator/hash_generator.php
Working With Hashes,Online Hash Crack,https://www.onlinehashcrack.com/hash-identification.php
Working With Hashes,OSINT.sh: MD5,https://osint.sh/md5
Working With Hashes,Sha-256 Hash Calculator,https://xorbin.com/tools/sha256-hash-calculator
Working With Hashes,Sha1,http://www.sha1-online.com/
Working With Hashes,shodan-hash,https://book.shodan.io/command-line-tools/shodan-hash